nome,idade,email
lucas,19,e
arthur,25,este
leandro,29,sdsd
teste,20,sd
teste,32,teste
brenda,45,marcelonunes@ig.com.br
lara,21,milena06@dias.net
alícia,23,gomesthomas@uol.com.br
isabel,39,calebe61@cavalcanti.org
gabrielly,32,hmartins@ig.com.br
juan,44,brunoduarte@yahoo.com.br
manuela,28,kaique83@santos.br
juliana,56,barbosagustavo@fernandes.net
camila,43,nicolas79@melo.com
isabel,53,ysantos@uol.com.br
larissa,32,ana-julia28@sales.br
valentina,27,emanuellamartins@yahoo.com.br
cauê,29,leandrooliveira@novaes.br
renan,22,luccada-paz@bol.com.br
nina,26,nicolascosta@das.com
vitor,39,nicolemoura@costela.net
maria vitória,61,ian91@bol.com.br
caroline,28,ana-liviacampos@uol.com.br
theo,41,cauerodrigues@moreira.net
marcos vinicius,46,xda-costa@cardoso.com
davi luiz,29,marcela08@pinto.br
bruna,54,gcardoso@barbosa.net
luiz fernando,60,fernandesluigi@cunha.org
giovanna,33,salesjoao-guilherme@yahoo.com.br
yasmin,31,laurada-conceicao@pereira.br
ana laura,21,diogo21@yahoo.com.br
maria clara,44,gustavo23@nascimento.net
sabrina,49,leonardomonteiro@da.br
ian,33,piresmaite@uol.com.br
joão vitor,38,renanmartins@gmail.com
rafaela,18,da-conceicaolevi@cavalcanti.org
melissa,42,luigi87@da.com
enrico,32,ana-liviamonteiro@mendes.br
eduardo,38,freitasisadora@araujo.com
paulo,51,cardosocarolina@almeida.br
maria,31,joao-gabrielalmeida@vieira.com
ana julia,63,odias@ig.com.br
maria fernanda,53,doliveira@uol.com.br
olivia,40,diego70@ig.com.br
luana,23,da-rochaisabelly@goncalves.br
bernardo,48,eduardo05@melo.com
ian,50,das-nevesanthony@bol.com.br
luiza,57,joanasouza@da.br
julia,50,mariane21@da.com
maria,51,daniel76@costela.br
maria eduarda,36,trodrigues@hotmail.com
helena,42,augustocaldeira@nascimento.net
ana beatriz,35,fogacaerick@souza.org
thiago,60,nascimentoeloah@martins.com
maria alice,42,oliveirajoao-gabriel@bol.com.br
yuri,61,ana-carolinada-paz@uol.com.br
andré,20,nogueirarafael@cardoso.br
brenda,48,ida-rocha@lopes.br
vitor,24,rodriguesnatalia@moreira.net
camila,23,luigi63@moraes.com
luiz henrique,23,nogueirajoao-vitor@santos.com
ana beatriz,33,isaac34@duarte.br
ana clara,62,rafaelpeixoto@teixeira.br
ana,44,da-rochajuliana@gmail.com
davi lucca,54,lteixeira@moraes.com
sophie,27,zda-mota@bol.com.br
fernando,18,isaac40@gmail.com
agatha,63,vieiranatalia@rocha.org
emanuel,59,costelabenicio@ig.com.br
letícia,64,jesusrodrigo@gmail.com
bruna,46,gcostela@uol.com.br
luiz gustavo,50,clara94@monteiro.com
sofia,36,thalesvieira@cavalcanti.br
enrico,19,miguelvieira@castro.br
mirella,47,bryan80@rezende.org
maitê,26,ida-rosa@fernandes.br
calebe,36,igor38@novaes.com
rafael,38,melissa20@goncalves.org
camila,50,emoura@da.br
laís,24,sferreira@bol.com.br
leonardo,37,tpereira@hotmail.com
heloísa,29,martinsbruna@pires.com
vitor,22,calebe20@vieira.net
juliana,57,blima@pinto.com
raquel,38,amanda31@gmail.com
pedro henrique,26,dpereira@uol.com.br
alexia,61,andre37@ig.com.br
emanuella,51,luiz-felipe48@gmail.com
isabel,40,fda-rosa@hotmail.com
joão felipe,34,vcunha@gmail.com
marcela,21,fariasalicia@da.br
ana vitória,39,lteixeira@yahoo.com.br
pedro henrique,19,souzaluiz-henrique@ig.com.br
theo,53,zoliveira@fernandes.com
eloah,55,hazevedo@sales.br
raul,29,biancaviana@costela.br
lavínia,25,pedro-lucasaraujo@ig.com.br
otávio,47,costanicolas@ig.com.br
luiz felipe,55,ibarbosa@uol.com.br
andré,54,alexiadias@bol.com.br
maria vitória,56,alveshelena@uol.com.br
daniel,63,ana-luizacavalcanti@uol.com.br
bruno,44,davi-lucas24@viana.com
heitor,28,pedro-henrique36@da.com
heitor,48,barrosenzo@castro.net
kaique,50,enzocampos@costa.br
marcos vinicius,32,beniciomonteiro@da.br
luiz fernando,63,ian82@nascimento.com
erick,19,davi-luiz20@ig.com.br
lorena,39,joana39@uol.com.br
clarice,41,pintolorena@bol.com.br
vitor,33,gustavo-henrique33@mendes.com
felipe,23,peixotoana-luiza@jesus.net
lorenzo,24,tsales@silveira.com
murilo,52,samuel31@da.br
julia,36,thiago59@moraes.org
ana beatriz,36,pedro-lucasrodrigues@yahoo.com.br
thales,48,araujosophie@da.net
pedro miguel,28,leandronunes@bol.com.br
juan,65,ericksilveira@gmail.com
rodrigo,51,piresana@duarte.com
davi,42,isabellapeixoto@aragao.com
samuel,40,rochaemanuelly@hotmail.com
marcos vinicius,18,ferreirajoao-felipe@campos.br
luiz otávio,31,fpinto@aragao.br
eduarda,36,xcampos@nunes.br
fernando,51,vitorrezende@uol.com.br
sophie,63,llima@yahoo.com.br
vitor,48,teixeiraemanuelly@ig.com.br
enzo,23,maria-cecilia08@moura.com
evelyn,44,bryanbarros@bol.com.br
fernando,26,zsouza@uol.com.br
lucas gabriel,26,fcardoso@bol.com.br
manuela,39,vieirafelipe@bol.com.br
daniel,27,juliada-rosa@uol.com.br
rodrigo,46,joaquimdas-neves@bol.com.br
arthur,47,vmendes@hotmail.com
marina,50,samuel89@mendes.br
bryan,34,vitorda-cruz@da.org
evelyn,31,theo17@teixeira.br
vinicius,38,gsouza@da.com
emanuel,23,lgomes@oliveira.org
maitê,65,ana-luiza52@teixeira.com
theo,48,almeidaalexandre@yahoo.com.br
ana luiza,37,garaujo@silva.br
juan,49,ljesus@gmail.com
maria sophia,46,enunes@ig.com.br
leonardo,47,pietroduarte@melo.com
diego,45,moraeslarissa@gmail.com
alice,22,amanda82@gmail.com
maria eduarda,51,castroalice@fernandes.br
maria clara,55,miguel36@pinto.br
diogo,58,diogo01@goncalves.org
maria julia,30,nnascimento@fogaca.br
luiz fernando,46,gomesmaria-luiza@rezende.br
bárbara,24,lcorreia@teixeira.com
benício,38,brenda48@uol.com.br
davi luiz,57,daniel06@gmail.com
vinicius,37,yvieira@ig.com.br
clarice,41,souzajoao-vitor@moraes.com
ana lívia,38,carolinada-rosa@silveira.br
yuri,46,caua13@uol.com.br
joão,62,nogueiradiego@rodrigues.com
arthur,63,pcostela@almeida.com
daniel,39,vporto@rocha.br
joão lucas,65,santosbryan@melo.br
maria alice,53,tdas-neves@bol.com.br
daniela,46,cnovaes@da.com
milena,61,caroline23@gmail.com
ana clara,32,goncalvesolivia@alves.br
heloísa,24,mouraclara@caldeira.com
ana sophia,21,maria-alice47@moraes.br
nicole,44,silvathiago@hotmail.com
antônio,55,gabriela84@ig.com.br
daniela,65,caldeirastella@da.br
enzo gabriel,37,davi-luccasales@rezende.br
joão felipe,29,maria-clara90@jesus.br
bárbara,35,lucca83@da.br
maria clara,45,carlos-eduardo48@uol.com.br
maria,30,gomescaue@das.br
joão lucas,30,raquelpereira@gmail.com
alice,53,dpeixoto@uol.com.br
alexia,44,thiagomartins@viana.com
joão guilherme,39,dferreira@campos.org
vitória,19,murilo87@ig.com.br
leandro,43,hnovaes@ribeiro.br
luna,58,oliveiraclarice@peixoto.net
bernardo,42,gpeixoto@mendes.com
carolina,28,sophia94@moreira.com
felipe,55,thiagoda-costa@gmail.com
henrique,39,agathamendes@porto.com
calebe,53,moreiranicole@ferreira.br
augusto,23,jsouza@barros.net
marcos vinicius,45,pietragomes@hotmail.com
vitor,34,ana-luiza81@farias.br
larissa,20,esilva@gmail.com
laura,41,luna99@bol.com.br
joão pedro,21,cardosoanthony@carvalho.com
manuela,32,nicole40@das.com
ana beatriz,44,benicioalves@lopes.com
lara,49,nathanda-cruz@yahoo.com.br
maria clara,57,monteirodanilo@barbosa.com
marcela,35,rezendebenicio@bol.com.br
cecília,37,wcostela@jesus.com
gustavo henrique,37,enrico98@campos.com
as,as,sa
dsd,sdsd,sdsd
